,name,level,record_longest_win_streak,losses,total_games_played,win_loss_ratio,games_played,deaths,wins,kd_ratio,suicides,kills,assists,record_kill_streak
0,LOST_Beniboy_XD,22.0,11.0,6.0,1974.0,0.5,1974.0,7794.0,3.0,1.0782653093338013,463.0,8404.0,1856.0,6.0
1,Ghost_Balor1916,24.0,8.0,47.0,1939.0,0.1489361673593521,1939.0,8156.0,7.0,0.931093692779541,320.0,7594.0,1668.0,10.0
2,ghost_danjel,1.0,19.0,24.0,974.0,0.5,974.0,3839.0,12.0,1.0359468460083008,191.0,3977.0,1062.0,14.0
3,AmirBacha19,1.0,8.0,15.0,381.0,2.0,381.0,2042.0,30.0,0.971106767654419,86.0,1983.0,348.0,7.0
4,IV_40_kirtap,24.0,9.0,12.0,2882.0,0.9166666865348816,2882.0,12125.0,11.0,0.9903505444526672,422.0,12008.0,2428.0,9.0
